{
  "$schema": "https://docs.renovatebot.com/renovate-schema.json",
  "extends": [
    ":ignoreUnstable",
    ":prImmediately",
    ":renovatePrefix",
    ":ignoreModulesAndTests",
    ":autodetectPinVersions",
    "@appfabric:msaas",
    "docker:enableMajor",
    ":automergeDisabled",
    "group:recommended"
  ],
  "timezone": "America/Los_Angeles",
  "packageRules": [
    {
      "matchPackagePatterns": [
        "*"
      ],
      "excludePackagePatterns": [
        "^docker.intuit.com",
        "^org.mapstruct:",
        "^org.springframework.boot:",
        "^com.intuit.sb.api:v4-sdk-schema",
        "^com.intuit.platform.jsk:",
        "^com.intuit.data.process:eventbus-kafka",
        "^org.projectlombok:",
        "^com.signalsciences.release:sigsci-module-java"
      ],
      "matchUpdateTypes": [
        "minor",
        "patch"
      ],
      "groupName": "all non-major dependencies",
      "groupSlug": "all-minor-patch"
    },
    {
      "groupName": "Eclipse Jetty",
      "matchPackagePatterns": [ "^org.eclipse.jetty:" ]
    },
    {
      "groupName": "Glassfish jersey",
      "matchPackagePatterns": [ "^org.glassfish.jersey" ]
    },
    {
      "groupName": "MapStruct",
      "matchPackagePatterns": [ "^org.mapstruct:" ]
    },
    {
      "groupName": "Project Lombok",
      "matchPackagePatterns": [ "^org.projectlombok:" ]
    },
    {
      "groupName": "Swagger",
      "matchPackagePatterns": [ "^io.springfox:" ]
    },
    {
      "matchDatasources": [ "maven" ],
      "allowedVersions": "/^[0-9]+\\.[0-9]+\\.[0-9]+(\\.[0-9]+)?$/"
    },
    {
      "matchPackagePatterns": [ "^docker.intuit.com" ],
      "matchUpdateTypes": [ "minor", "patch" ],
      "automerge": true
    }
  ],
  "maven": {
    "enabled": true
  }
}
