<?xml version="1.0" encoding="UTF-8"?>
<configuration debug="false">

    <appender name="CONSOLE_APPENDER" class="ch.qos.logback.core.ConsoleAppender">
        <withJansi>true</withJansi>
        <encoder class="ch.qos.logback.classic.encoder.PatternLayoutEncoder">
            You should remove the 'cid' and 'clu' items if you're not using those tags, as the same info is logged via the simple "%X".
            Note that %line is very helpful but computationally expensive: http://logback.qos.ch/manual/layouts.html#ClassicPatternLayout ...
            ...related: Spring enables use of profiles in logback or log4j2 configuration files; see https://springframework.guru/using-logback-spring-boot/
            <pattern>
                [%d{ISO8601}] [%red(%-5level)] [%green(%thread)] %blue(%logger{20}):%cyan(%line) %magenta(%X): %msg %ex{full}%n
                <!--                    [%date{"yyyy-MM-dd'T'HH:mm:ss,SSSZ"}]-[%-5level]-["%thread" %X, tid=%X{tid}]-[%logger %line]-%msg %ex{full}%n-->
            </pattern>
        </encoder>
    </appender>

    <springProfile name="!local">
        <appender name="CONSOLE_APPENDER" class="ch.qos.logback.core.ConsoleAppender">
            <encoder class="net.logstash.logback.encoder.LogstashEncoder"/>
        </appender>
    </springProfile>

    <logger name="com.intuit.dgorchworkerapp" level="DEBUG" additivity="false">
        <appender-ref ref="CONSOLE_APPENDER"/>
    </logger>

    <root level="INFO">
        <appender-ref ref="CONSOLE_APPENDER"/>
    </root>

</configuration>
